,Mobile devices,,,All devices,,,Mobile devices,,,All devices,,
Report Date,Stuff UB,NZH UB,Stuff - NZH UB,Stuff UB,NZH UB,Stuff - NZH UB,Stuff PI,NZH PI,Stuff - NZH PI,Stuff PI,NZH PI,Stuff - NZH PI
17-Nov-18,583476,528685,54791,747852,874704,-126852,2185962,1608009,577953,5083795,3407412,1676383
18-Nov-18,666879,658541,8338,896038,1117704,-221666,2106883,1488731,618152,4030188,2649583,1380605
19-Nov-18,640499,678299,-37800,882637,1057662,-175025,2460639,1915704,544935,4583054,3236104,1346950
20-Nov-18,631768,642815,-11047,810486,946236,-135750,2187636,1812695,374941,5487718,3870473,1617245
21-Nov-18,601760,641359,-39599,763763,870029,-106266,2163957,1747864,416093,5419550,3869153,1550397
22-Nov-18,565726,563603,2123,726624,756298,-29674,2100345,1793583,306762,5260861,3882340,1378521
23-Nov-18,568193,530789,37404,731848,696228,35620,1992924,1577040,415884,5074435,3476557,1597878
24-Nov-18,659327,547715,111612,820739,714246,106493,1945555,1463118,482437,4782767,3210641,1572126
25-Nov-18,765644,636436,129208,959548,848941,110607,2242631,1586364,656267,4254496,2866839,1387657
26-Nov-18,699979,639470,60509,891476,940161,-48685,2621723,1901088,720635,4887372,3316529,1570843
27-Nov-18,675792,652404,23388,851889,1021496,-169607,2334631,1759412,575219,5762833,3875864,1886969
28-Nov-18,643984,626895,17089,805653,874750,-69097,2245558,1822238,423320,5600786,3973756,1627030
29-Nov-18,610097,631370,-21273,766248,822335,-56087,2078933,1677370,401563,5194003,3709432,1484571
30-Nov-18,642909,601632,41277,825720,846197,-20477,2021396,1669006,352390,5032900,3608383,1424517
1-Dec-18,627389,514761,112628,784465,681105,103360,2108310,1629625,478685,5031772,3482639,1549133
2-Dec-18,682314,588773,93541,874131,806434,67697,2160700,1585131,575569,4112576,2883563,1229013
3-Dec-18,762069,597980,164089,993330,776486,216844,2425983,1718590,707393,4523499,2992796,1530703
4-Dec-18,688268,599603,88665,972103,756320,215783,2383912,1632203,751709,5673707,3639211,2034496
5-Dec-18,655461,644746,10715,858517,832575,25942,2244366,1632825,611541,5514331,3710448,1803883
6-Dec-18,635078,614714,20364,805035,799537,5498,2234467,1671210,563257,5454778,3607760,1847018
7-Dec-18,635038,573705,61333,812917,785453,27464,2097181,1678629,418552,5170436,3620275,1550161
8-Dec-18,714486,701291,13195,954111,912494,41617,2073477,1556147,517330,4880703,3328211,1552492
9-Dec-18,787714,941350,-153636,1017462,1242078,-224616,2380045,1947646,432399,4292547,3250460,1042087
10-Dec-18,908499,832647,75852,1161516,1211705,-50189,2678984,2477269,201715,4792294,3874204,918090
11-Dec-18,854181,773924,80257,1105142,986879,118263,2853012,2273833,579179,6603375,4591744,2011631
12-Dec-18,706476,729045,-22569,949819,913579,36240,2594101,2134506,459595,5939625,4335517,1604108
13-Dec-18,705323,683994,21329,934425,852385,82040,2287889,1957672,330217,5498717,3979003,1519714
14-Dec-18,678769,670266,8503,907943,845966,61977,2316706,1847295,469411,5452457,3858677,1593780
15-Dec-18,645091,635855,9236,866174,830197,35977,2225421,1799421,426000,5171440,3659757,1511683
16-Dec-18,724757,676747,48010,941241,905811,35430,2252659,1784840,467819,4192952,3026185,1166767
17-Dec-18,731994,619124,112870,947637,813714,133923,2511931,1932095,579836,4605838,3221819,1384019
18-Dec-18,726030,707954,18076,908397,960620,-52223,2455397,1735572,719825,5837639,3793587,2044052
19-Dec-18,715297,665509,49788,891670,876079,15591,2346399,1936519,409880,5571024,4088516,1482508
20-Dec-18,710528,667614,42914,873528,860195,13333,2293043,1787483,505560,5512316,3785393,1726923
21-Dec-18,681643,587004,94639,838756,769486,69270,2251894,1772595,479299,5322239,3751323,1570916
22-Dec-18,631438,614015,17423,779156,837837,-58681,2211456,1629407,582049,4955696,3369446,1586250
23-Dec-18,633844,581527,52317,832947,750064,82883,2166479,1635471,531008,4036125,2773358,1262767
24-Dec-18,678209,592274,85935,882282,750106,132176,2277744,1698619,579125,4201095,2934074,1267021
25-Dec-18,541597,511783,29814,691075,671691,19384,2407113,1776227,630886,4589077,3214286,1374791
26-Dec-18,616427,662254,-45827,779197,844845,-65648,2018599,1497724,520875,3461244,2406885,1054359
27-Dec-18,697350,660441,36909,869438,831218,38220,2254238,1926254,327984,4037482,3212157,825325
28-Dec-18,714244,587679,126565,898258,740517,157741,2375966,1847070,528896,4471867,3190463,1281404
29-Dec-18,657602,554411,103191,834135,712687,121448,2378924,1654920,724004,4415109,2870545,1544564
30-Dec-18,664334,650508,13826,849046,832370,16676,2325244,1615377,709867,4226600,2714491,1512109
31-Dec-18,693728,577741,115987,918559,747677,170882,2316086,1849371,466715,4135778,2995139,1140639
1-Jan-19,723810,598069,125741,965123,761435,203688,2339771,1630992,708779,4349229,2857289,1491940
2-Jan-19,751521,674486,77035,987030,894491,92539,2591985,1857970,734015,4424712,3038562,1386150
3-Jan-19,854769,734421,120348,1058129,940316,117813,2615450,2051762,563688,4587544,3344397,1243147
4-Jan-19,768116,712981,55135,995124,919033,76091,3012630,2184011,828619,5566894,3812109,1754785
5-Jan-19,663367,660554,2813,880927,1008241,-127314,2766654,2060791,705863,5222856,3641101,1581755
6-Jan-19,706751,674864,31887,898016,931429,-33413,2349201,1901178,448023,4156389,3112003,1044386
7-Jan-19,730346,611784,118562,929756,785929,143827,2593043,1983139,609904,4676037,3260143,1415894
8-Jan-19,684540,640755,43785,862921,839036,23885,2592499,1829696,762803,5527237,3694226,1833011
9-Jan-19,664808,601704,63104,827903,769575,58328,2411483,1879289,532194,5251822,3658930,1592892
10-Jan-19,757325,581939,175386,949468,753787,195681,2323880,1818768,505112,5178125,3730477,1447648
11-Jan-19,765955,633977,131978,965483,815581,149902,2619369,1782405,836964,5740318,3680591,2059727
12-Jan-19,675476,640889,34587,853457,832243,21214,2628831,1914020,714811,5645425,3813539,1831886
13-Jan-19,695971,724755,-28784,875848,946011,-70163,2340754,1893272,447482,4283717,3146198,1137519
14-Jan-19,776513,765307,11206,991853,979196,12657,2392042,2111041,281001,4343617,3417261,926356
15-Jan-19,849552,853624,-4072,1070430,1099726,-29296,2553509,2151240,402269,5851583,4398955,1452628
16-Jan-19,833621,763874,69747,1055083,1023323,31760,2761427,2340172,421255,6203952,4578341,1625611
17-Jan-19,823785,779764,44021,1077101,1087479,-10378,2743125,2207994,535131,6195132,4467530,1727602
18-Jan-19,809687,680567,129120,1031862,936669,95193,2632157,2147046,485111,5851828,4282274,1569554
19-Jan-19,769079,555333,213746,970535,756193,214342,2678996,1933022,745974,5791223,3970327,1820896
20-Jan-19,736273,661800,74473,929342,907318,22024,2569515,1671419,898096,4524611,2880227,1644384
21-Jan-19,803645,732135,71510,1022321,993833,28488,2616191,1947364,668827,4665695,3221161,1444534
22-Jan-19,835256,707997,127259,1069955,964992,104963,2864302,2088015,776287,6063015,4257535,1805480
23-Jan-19,827106,716633,110473,1067784,959161,108623,2905374,2053178,852196,6327222,4326469,2000753
24-Jan-19,798938,658021,140917,1013890,851022,162868,3051880,2025798,1026082,6601516,4139137,2462379
25-Jan-19,838259,614837,223422,1033640,792832,240808,2949522,1882755,1066767,6416210,3973113,2443097
26-Jan-19,719892,597915,121977,910275,798046,112229,2963999,1781370,1182629,6208639,3697959,2510680
27-Jan-19,726660,662542,64118,923249,879637,43612,2736868,1855586,881282,4891472,3141740,1749732
28-Jan-19,921522,787315,134207,1157986,1037209,120777,2829846,2022512,807334,5065759,3310866,1754893
29-Jan-19,849697,796918,52779,1048668,1011977,36691,3165607,2312951,852656,6514267,4053363,2460904
30-Jan-19,766956,750150,16806,956442,989171,-32729,2953099,2192960,760139,6508493,4386137,2122356
31-Jan-19,785399,733074,52325,990591,1064380,-73789,2763573,2156222,607351,6123020,4332146,1790874
1-Feb-19,749065,740646,8419,931396,945482,-14086,2810808,2084041,726767,6182267,4200003,1982264
2-Feb-19,666065,658822,7243,846561,850695,-4134,2674610,2047118,627492,5830009,4013586,1816423
3-Feb-19,759627,713584,46043,942178,922698,19480,2498723,1967424,531299,4531732,3304162,1227570
4-Feb-19,769862,653211,116651,969239,872658,96581,2994606,2129625,864981,5322444,3516960,1805484
5-Feb-19,770008,642229,127779,953289,822853,130436,2786214,1857190,929024,6114743,3907081,2207662
6-Feb-19,801666,653357,148309,967690,811720,155970,2791469,1881054,910415,6113666,3915426,2198240
7-Feb-19,759996,714673,45323,928241,886234,42007,3126065,2020996,1105069,5709864,3482336,2227528
8-Feb-19,796172,693827,102345,960378,860757,99621,2688929,2060357,628572,5922706,4191030,1731676
9-Feb-19,746941,637165,109776,896280,800378,95902,2950674,1911221,1039453,6281602,3868884,2412718
10-Feb-19,804521,691922,112599,996227,899369,96858,2882951,1845511,1037440,5144837,3147449,1997388
11-Feb-19,746450,709820,36630,939073,936327,2746,3154039,1984973,1169066,5586043,3309057,2276986
12-Feb-19,707489,657502,49987,911740,857301,54439,2682747,1882571,800176,5959438,3888703,2070735
13-Feb-19,714377,690424,23953,889223,907366,-18143,2602940,1805590,797350,5828816,3827913,2000903
14-Feb-19,727217,581901,145316,893832,740337,153495,2545658,1871027,674631,5655452,3771922,1883530
15-Feb-19,716798,623004,93794,871665,786315,85350,2522676,1655751,866925,5629196,3555030,2074166
16-Feb-19,730970,576142,154828,888175,743861,144314,2499387,1742082,757305,5541541,3658038,1883503
17-Feb-19,799088,675542,123546,993370,938111,55259,2610661,1701990,908671,4620164,2865262,1754902
18-Feb-19,749207,689834,59373,957115,959479,-2364,3004835,1871383,1133452,5243594,3063845,2179749
19-Feb-19,780090,710559,69531,986475,921141,65334,2613726,1903459,710267,5936493,3966371,1970122
20-Feb-19,745760,743456,2304,964635,980144,-15509,2631474,1862696,768778,5834525,3855249,1979276
21-Feb-19,712998,695005,17993,910217,896245,13972,2598435,1911506,686929,5817290,3922862,1894428
22-Feb-19,743159,674251,68908,984912,853176,131736,2532743,1879541,653202,5745515,3899972,1845543
23-Feb-19,684249,607960,76289,924430,780420,144010,2611760,1789317,822443,5728181,3672961,2055220
24-Feb-19,757996,680533,77463,942988,874534,68454,2510404,1733141,777263,4508982,2966218,1542764
25-Feb-19,713755,646862,66893,913943,850492,63451,2982809,1889882,1092927,5362864,3141039,2221825
26-Feb-19,780965,719511,61454,990746,942792,47954,2567821,1794967,772854,5914160,3864071,2050089
27-Feb-19,745009,641231,103778,969613,804218,165395,2675484,1937519,737965,5944066,4044301,1899765
28-Feb-19,739832,696234,43598,894204,916148,-21944,2589581,1740355,849226,5803368,3659401,2143967
1-Mar-19,716147,609033,107114,885880,814337,71543,2565346,1787281,778065,5723020,3638422,2084598
2-Mar-19,710130,588729,121401,894531,771322,123209,2396960,1624722,772238,5237352,3395989,1841363
3-Mar-19,835368,638069,197299,1029010,815343,213667,2557459,1696410,861049,4468966,2857278,1611688
4-Mar-19,712701,643721,68980,927221,827541,99680,2948631,1782034,1166597,5093343,2960464,2132879
5-Mar-19,785520,652698,132822,987283,837054,150229,2511665,1761159,750506,5705130,3708408,1996722
6-Mar-19,735030,665615,69415,907918,838563,69355,2674296,1760526,913770,5924290,3686417,2237873
7-Mar-19,712002,662804,49198,870948,820418,50530,2527396,1774079,753317,5711725,3704537,2007188
8-Mar-19,696796,682358,14438,860551,888507,-27956,2528681,1755776,772905,5659182,3617407,2041775
9-Mar-19,631469,618450,13019,819859,928058,-108199,2580422,1808319,772103,5846654,3738753,2107901
10-Mar-19,702617,677334,25283,911481,983930,-72449,2440505,1756725,683780,4402241,2966542,1435699
11-Mar-19,751020,718643,32377,1054190,1081175,-26985,2728562,1890884,837678,4886031,3074265,1811766
12-Mar-19,749099,766450,-17351,978239,1157619,-179380,2786170,1892957,893213,6200918,3897760,2303158
13-Mar-19,718585,713482,5103,912180,974878,-62698,2664812,2025661,639151,6008786,4022174,1986612
14-Mar-19,731456,686559,44897,936405,900561,35844,2548800,1923984,624816,5742768,3940619,1802149
15-Mar-19,1591441,1496143,95298,2716550,2785057,-68507,2563704,1868280,695424,5850112,3876629,1973483
16-Mar-19,1357255,1382201,-24946,2499201,2669899,-170698,5706430,4175512,1530918,10941349,7113275,3828074
17-Mar-19,1231562,1201112,30450,1825047,3000403,-1175356,5142907,4211169,931738,8182828,6038560,2144268
18-Mar-19,1103469,937323,166146,1533429,1747149,-213720,4361171,3435469,925702,7112790,4974420,2138370
19-Mar-19,893663,812889,80774,1218209,1487487,-269278,3770302,2610312,1159990,7877675,5021683,2855992
20-Mar-19,900415,865777,34638,1194576,1310669,-116093,3178257,2256942,921315,6803054,4424804,2378250
21-Mar-19,822281,746660,75621,1199221,1015221,184000,3201763,2353207,848556,6828426,4482802,2345624
22-Mar-19,837226,741388,95838,1119451,1016345,103106,2915453,2095005,820448,6346197,4078162,2268035
23-Mar-19,767728,675088,92640,993384,941856,51528,2885387,2051331,834056,6156938,3985542,2171396
24-Mar-19,744052,801729,-57677,949245,1093291,-144046,2783927,2015603,768324,4831033,3220179,1610854
25-Mar-19,739917,610609,129308,942725,828047,114678,2953094,2364366,588728,5236341,3690883,1545458
26-Mar-19,808908,662710,146198,1006002,873827,132175,2669905,1743885,926020,6057858,3711660,2346198
27-Mar-19,789853,730202,59651,989298,940900,48398,2838752,1879564,959188,6329437,3855451,2473986
28-Mar-19,673699,637476,36223,852682,810016,42666,2855257,2076674,778583,6447046,4112973,2334073
29-Mar-19,703653,595469,108184,902132,768872,133260,2437182,1771069,666113,5645712,3633226,2012486
30-Mar-19,692369,540784,151585,876323,719882,156441,2498855,1637597,861258,5608712,3368284,2240428
31-Mar-19,694012,658041,35971,870594,889200,-18606,2488162,1639940,848222,4480313,2757003,1723310
1-Apr-19,747864,641637,106227,958729,913777,44952,2704543,1831501,873042,4902540,2964022,1938518
2-Apr-19,678101,631672,46429,866514,833912,32602,2677285,1825478,851807,6113268,3912695,2200573
3-Apr-19,642021,591746,50275,849488,775157,74331,2386154,1754230,631924,5595438,3675725,1919713
4-Apr-19,726317,644455,81862,944857,835819,109038,2293695,1649973,643722,5368868,3504504,1864364
5-Apr-19,738611,609957,128654,987100,797836,189264,2510169,1754712,755457,5640169,3556109,2084060
6-Apr-19,735035,623390,111645,927091,826274,100817,2617931,1734649,883282,5756489,3480660,2275829
7-Apr-19,806517,659521,146996,1015912,945485,70427,2789289,1868716,920573,4975949,3127533,1848416
8-Apr-19,699153,664120,35033,915898,934996,-19098,2956260,2017731,938529,5246633,3285898,1960735
9-Apr-19,698255,623821,74434,933719,832051,101668,2467330,1955627,511703,5595579,3956620,1638959
10-Apr-19,660429,641517,18912,857758,837734,20024,2505573,1795198,710375,5636816,3659707,1977109
11-Apr-19,733348,733956,-608,1006643,947961,58682,2377094,1814633,562461,5347277,3667526,1679751
12-Apr-19,726824,676164,50660,953219,900577,52642,2628721,1994742,633979,5834335,3929224,1905111
13-Apr-19,663647,678476,-14829,869090,870186,-1096,2694922,1949484,745438,5863700,3801074,2062626
14-Apr-19,674992,680174,-5182,893338,911968,-18630,2513702,2057457,456245,4498614,3299809,1198805
15-Apr-19,696929,671330,25599,969995,946321,23674,2624281,2071350,552931,4710843,3342053,1368790
16-Apr-19,715630,710766,4864,928573,970758,-42185,2353076,1943954,409122,5216561,3874544,1342017
17-Apr-19,699655,671210,28445,904839,893739,11100,2481284,1984622,496662,5502978,3920606,1582372
18-Apr-19,699284,691892,7392,935349,924420,10929,2542688,1875956,666732,5627406,3711166,1916240
19-Apr-19,742593,705539,37054,993970,955089,38881,2351923,1986896,365027,5049889,3775385,1274504
20-Apr-19,642629,642172,457,883880,875807,8073,2667846,2147084,520762,4722382,3370067,1352315
21-Apr-19,780914,684780,96134,1036199,916310,119889,2330781,1924283,406498,4048446,3032664,1015782
22-Apr-19,802577,777555,25022,1096015,1038549,57466,2974729,2107414,867315,5037175,3275825,1761350
23-Apr-19,732766,768680,-35914,970266,1048413,-78147,2880242,2314814,565428,5073518,3689861,1383657
24-Apr-19,709144,664298,44846,929600,881587,48013,2737507,2147724,589783,5695949,3994717,1701232
25-Apr-19,746306,654129,92177,955950,837749,118201,2535288,1895760,639528,5303503,3598930,1704573
26-Apr-19,836715,688878,147837,1031653,885196,146457,2860542,2050831,809711,5089748,3384533,1705215
27-Apr-19,779131,743898,35233,969760,952012,17748,2890679,1975215,915464,5663594,3596036,2067558
28-Apr-19,770515,824960,-54445,1010310,1046745,-36435,2835476,2172068,663408,4933939,3466597,1467342
29-Apr-19,811626,740157,71469,1153601,990244,163357,2874603,2369120,505483,5159811,3798729,1361082
30-Apr-19,805757,681226,124531,1094497,899940,194557,2965422,2062702,902720,6527079,4108546,2418533
1-May-19,747770,656898,90872,1005747,836869,168878,2706600,1834551,872049,5916033,3734447,2181586
2-May-19,776886,602044,174842,1030483,788946,241537,2655662,1543495,1112167,5903498,3052483,2851015
3-May-19,802152,607672,194480,1090593,814623,275970,2594562,1440426,1154136,5740451,2887970,2852481
4-May-19,826440,604171,222269,1103928,775082,328846,2764399,1479772,1284627,5836556,2849336,2987220
5-May-19,819634,612124,207510,1043642,822371,221271,3000809,1504017,1496792,5205745,2451683,2754062
6-May-19,804759,618695,186064,1062547,831190,231357,3017958,1543679,1474279,5287343,2480011,2807332
7-May-19,889886,651004,238882,1176502,850709,325793,2844222,1490528,1353694,6277221,3004735,3272486
8-May-19,880962,622635,258327,1144126,801926,342200,3020960,1593029,1427931,6465503,3097093,3368410
9-May-19,909827,733888,175939,1178800,936907,241893,2975782,1519312,1456470,6393505,2996019,3397486
10-May-19,813784,667985,145799,1026088,848098,177990,3047228,1811459,1235769,6513321,3407978,3105343
11-May-19,956259,880969,75290,1221314,1196466,24848,2983026,1642769,1340257,6317107,3080301,3236806
12-May-19,881911,732815,149096,1114891,989123,125768,3202622,1955327,1247295,5385814,2908142,2477672
13-May-19,812962,666385,146577,1072661,885678,186983,3255010,1885368,1369642,5600563,2937382,2663181
14-May-19,809849,674599,135250,1043255,1037862,5393,2784466,1698993,1085473,6147435,3286408,2861027
15-May-19,780428,646210,134218,1026277,828981,197296,2799124,1666911,1132213,6135377,3212400,2922977
16-May-19,777325,695095,82230,1022575,894156,128419,2675698,1571827,1103871,5787264,2987539,2799725
17-May-19,796121,706217,89904,1054453,932982,121471,2542817,1675503,867314,5577681,3156633,2421048
18-May-19,766580,595852,170728,953028,872258,80770,2832667,1714139,1118528,5938305,3120406,2817899
19-May-19,782663,634806,147857,1007603,834696,172907,2703071,1535289,1167782,4709898,2441651,2268247
20-May-19,800026,593878,206148,1014437,788734,225703,2882482,1632553,1249929,5062447,2633131,2429316
21-May-19,743106,550048,193058,1012568,748295,264273,2751416,1461847,1289569,6139082,2909063,3230019
22-May-19,734607,620798,113809,938368,793732,144636,2657490,1374893,1282597,6015555,2835436,3180119
23-May-19,712647,624317,88330,967977,800369,167608,2631904,1542611,1089293,5915001,3003719,2911282
24-May-19,693407,654743,38664,903982,860830,43152,2568031,1529714,1038317,5670813,2941967,2728846
25-May-19,705306,608325,96981,898971,784301,114670,2588619,1540683,1047936,5625874,2866863,2759011
26-May-19,734592,634205,100387,951243,834349,116894,2609028,1527371,1081657,4602258,2414979,2187279
27-May-19,783200,607119,176081,1019830,844317,175513,2843846,1544706,1299140,4960953,2469254,2491699
28-May-19,817980,679812,138168,1067932,942180,125752,2811053,1495137,1315916,6176617,3045206,3131411
29-May-19,807459,661912,145547,1039946,880074,159872,2899687,1667831,1231856,6328100,3225660,3102440
30-May-19,770515,610248,160267,968355,823514,144841,2936677,1531867,1404810,6285468,2944310,3341158
31-May-19,784030,640280,143750,976654,850999,125655,2801418,1490157,1311261,6220995,3006796,3214199
1-Jun-19,868406,649303,219103,1072459,817116,255343,2787210,1613621,1173589,5885397,3059894,2825503
2-Jun-19,838030,638428,199602,1071493,842921,228572,3114703,1639423,1475280,5391771,2614613,2777158
3-Jun-19,774523,694913,79610,1001633,943604,58029,3117752,1605516,1512236,5314964,2519939,2795025
4-Jun-19,770150,673405,96745,1001491,898768,102723,2940853,1695833,1245020,5185402,2702894,2482508
5-Jun-19,792652,697943,94709,1045311,932247,113064,2825243,1605628,1219615,6206437,3092502,3113935
6-Jun-19,793167,689986,103181,1030071,913172,116899,2924740,1695793,1228947,6430584,3292892,3137692
7-Jun-19,790084,684918,105166,980746,921938,58808,2920637,1711401,1209236,6255869,3234484,3021385
8-Jun-19,782283,697600,84683,963260,913938,49322,2892946,1713965,1178981,6180578,3199497,2981081
9-Jun-19,795417,691343,104074,1077754,903190,174564,2816076,1764726,1051350,4929237,2808803,2120434
10-Jun-19,733999,653206,80793,1038765,913844,124921,2967605,1677806,1289799,5213989,2644674,2569315
11-Jun-19,770988,622976,148012,1000533,894081,106452,2678252,1600765,1077487,5973110,3103433,2869677
12-Jun-19,874267,658966,215301,1094435,875045,219390,2692129,1494644,1197485,5934337,2897497,3036840
13-Jun-19,844285,696480,147805,1065741,935282,130459,2884008,1569525,1314483,6148892,2992442,3156450
14-Jun-19,868266,724334,143932,1094312,968717,125595,2870883,1604905,1265978,6131694,3003120,3128574
15-Jun-19,872205,631714,240491,1099339,851379,247960,2860820,1695391,1165429,5954305,3057760,2896545
16-Jun-19,904988,744134,160854,1190086,1001991,188095,3117739,1568092,1549647,5408510,2515453,2893057
17-Jun-19,763080,618017,145063,1011086,846383,164703,3139780,1756398,1383382,5392214,2727101,2665113
18-Jun-19,749246,603645,145601,968351,830088,138263,2646267,1471197,1175070,5863811,2941641,2922170
19-Jun-19,853710,672268,181442,1094202,903418,190784,2700937,1471162,1229775,5913613,2918416,2995197
20-Jun-19,840516,708489,132027,1087591,925905,161686,2890554,1599740,1290814,6110826,3053184,3057642
21-Jun-19,840136,657819,182317,1079678,893693,185985,2824725,1670227,1154498,6030536,3128794,2901742
22-Jun-19,819402,626891,192511,1055418,877128,178290,2827440,1583839,1243601,5892817,2961725,2931092
23-Jun-19,821964,648321,173643,1043206,902581,140625,2989416,1586748,1402668,5134003,2516265,2617738
24-Jun-19,839160,652564,186596,1161014,986388,174626,3065254,1715734,1349520,5295811,2710890,2584921
25-Jun-19,802327,611827,190500,1045915,841244,204671,3010934,1593535,1417399,6536311,3101269,3435042
26-Jun-19,727317,605400,121917,950581,842886,107695,2849878,1538021,1311857,6178956,3017451,3161505
27-Jun-19,765754,641402,124352,970988,891625,79363,2596098,1481182,1114916,5676296,2852477,2823819
28-Jun-19,730519,584924,145595,914746,821264,93482,2704833,1574503,1130330,5804954,2989517,2815437
29-Jun-19,748797,623457,125340,937650,850122,87528,2615353,1441868,1173485,5559201,2754760,2804441
30-Jun-19,825859,597717,228142,1041513,910510,131003,2759355,1478776,1280579,4722543,2310970,2411573
1-Jul-19,781303,589995,191308,1013319,875549,137770,2933376,1483778,1449598,4978962,2337843,2641119
2-Jul-19,845851,607219,238632,1088079,815143,272936,2735558,1475574,1259984,5926917,2935345,2991572
3-Jul-19,854546,683864,170682,1073031,922572,150459,2935683,1498707,1436976,6300818,2933706,3367112
4-Jul-19,835076,675709,159367,1074001,919375,154626,2937563,1657201,1280362,6276087,3148600,3127487
5-Jul-19,829264,627159,202105,1055387,838787,216600,2899728,1695603,1204125,6150378,3248930,2901448
6-Jul-19,834048,631281,202767,1045440,874964,170476,2921656,1557360,1364296,6137372,2970518,3166854
7-Jul-19,810568,658479,152089,1111055,914816,196239,3043182,1654360,1388822,5184738,2613758,2570980
8-Jul-19,862048,660127,201921,1352305,991627,360678,3035043,1655464,1379579,5211587,2570502,2641085
9-Jul-19,753483,612839,140644,1034131,844969,189162,2992822,1625007,1367815,6256457,3069920,3186537
10-Jul-19,843668,636551,207117,1122817,940760,182057,2767943,1501779,1266164,5865341,2858447,3006894
11-Jul-19,837252,672469,164783,1086074,942273,143801,3185579,1670681,1514898,6518603,3113432,3405171
12-Jul-19,802978,636656,166322,1021442,1105416,-83974,3010194,1692628,1317566,6202221,3176886,3025335
13-Jul-19,752568,573062,179506,964106,922812,41294,3008562,1541601,1466961,6233190,2882150,3351040
14-Jul-19,874723,685279,189444,1134102,966421,167681,2928438,1493827,1434611,5054748,2394342,2660406
15-Jul-19,885789,753927,131862,1238167,1147501,90666,3392273,1765128,1627145,5853856,2781802,3072054
16-Jul-19,798029,618983,179046,1087475,954011,133464,3421389,1966464,1454925,6865326,3552231,3313095
17-Jul-19,807280,655216,152064,1041723,946176,95547,2841736,1532647,1309089,6114641,2991263,3123378
18-Jul-19,735296,650582,84714,993250,1051424,-58174,2702820,1590644,1112176,5778309,3019331,2758978
19-Jul-19,958554,605669,352885,1248738,878644,370094,2629748,1574335,1055413,5683077,2948772,2734305
20-Jul-19,834888,642214,192674,1112864,927192,185672,3318692,1540353,1778339,6813817,2946164,3867653
21-Jul-19,881198,685022,196176,1172897,973009,199888,3079379,1687576,1391803,5281762,2691552,2590210
22-Jul-19,838667,658953,179714,1171918,983440,188478,3177393,1776209,1401184,5401923,2779316,2622607
23-Jul-19,772585,686747,85838,1034949,965742,69207,3143720,1677217,1466503,6789125,3244009,3545116
24-Jul-19,805756,618988,186768,1034694,896696,137998,2799609,1683164,1116445,6138822,3179624,2959198
25-Jul-19,824800,677397,147403,1090786,934070,156716,2767421,1513013,1254408,6002938,2944965,3057973
26-Jul-19,770424,597193,173231,1002227,840578,161649,2813223,1613029,1200194,6064494,3054807,3009687
27-Jul-19,836217,656670,179547,1101650,892424,209226,2694082,1454733,1239349,5744304,2784047,2960257
28-Jul-19,840260,589943,250317,1114227,826560,287667,2989279,1660505,1328774,5044241,2598877,2445364
29-Jul-19,830930,657120,173810,1112185,891021,221164,3082598,1538109,1544489,5268886,2465030,2803856
30-Jul-19,813141,648536,164605,1058002,901723,156279,2993249,1608190,1385059,6569639,3161868,3407771
31-Jul-19,816367,637104,179263,1043733,882782,160951,2820034,1620657,1199377,6200591,3135958,3064633
1-Aug-19,800064,647582,152482,1008820,895198,113622,2842587,1577802,1264785,6208759,3045586,3163173
2-Aug-19,793217,588924,204293,997059,803905,193154,2708440,1567169,1141271,5902982,3014346,2888636
3-Aug-19,807206,591961,215245,1027266,808573,218693,2853898,1497352,1356546,6107855,2848915,3258940
4-Aug-19,851870,635628,216242,1094203,842877,251326,2915222,1565907,1349315,5026179,2524543,2501636
5-Aug-19,806331,665147,141184,1073100,941736,131364,3209737,1658470,1551267,5542886,2680503,2862383
6-Aug-19,815659,763828,51831,1057411,1103806,-46395,2873566,1712894,1160672,6263836,3332887,2930949
7-Aug-19,810931,698827,112104,1048660,981842,66818,2743907,1785739,958168,5943301,3364443,2578858
8-Aug-19,813357,637119,176238,1062150,865991,196159,2822898,1716576,1106322,6116070,3276996,2839074
9-Aug-19,799646,627275,172371,1141702,897324,244378,2887648,1575405,1312243,6185615,3065802,3119813
10-Aug-19,813844,594097,219747,1077014,826835,250179,2777189,1560959,1216230,5878575,3006971,2871604
11-Aug-19,905610,670227,235383,1189857,987111,202746,2991508,1542401,1449107,5170886,2496614,2674272
12-Aug-19,849469,636124,213345,1135797,906418,229379,3537162,1839584,1697578,6074639,2936193,3138446
13-Aug-19,866741,706844,159897,1117726,958006,159720,3044480,1712095,1332385,6569521,3397953,3171568
14-Aug-19,796020,634784,161236,1024173,849218,174955,3050552,1725891,1324661,6533166,3345133,3188033
15-Aug-19,755865,636258,119607,973331,846965,126366,2746275,1595634,1150641,5947617,3065314,2882303
16-Aug-19,878676,744041,134635,1156910,993560,163350,2723234,1602831,1120403,5883422,3095575,2787847
17-Aug-19,940394,656752,283642,1232674,929447,303227,3047038,1747744,1299294,6296207,3206270,3089937
18-Aug-19,961979,689708,272271,1220340,989864,230476,3388707,1710900,1677807,5653727,2716844,2936883
19-Aug-19,830364,630751,199613,1102915,1014915,88000,3316011,1865458,1450553,5608630,2961870,2646760
20-Aug-19,882455,683972,198483,1147648,1015478,132170,2814194,1575431,1238763,6115823,3092720,3023103
21-Aug-19,793625,718101,75524,1097736,1010363,87373,3125709,1699843,1425866,6620513,3212674,3407839
22-Aug-19,821065,657791,163274,1061928,895617,166311,2834483,1724346,1110137,6074377,3210317,2864060
23-Aug-19,663790,668033,-4243,847667,984039,-136372,2886781,1601661,1285120,6187841,3110698,3077143
24-Aug-19,697257,629708,67549,885067,911546,-26479,2543399,1641545,901854,5531601,3082789,2448812
25-Aug-19,800864,650634,150230,1032788,904427,128361,2613570,1577035,1036535,4552049,2496826,2055223
26-Aug-19,814900,604750,210150,1064450,951040,113410,2878393,1637467,1240926,4942612,2593592,2349020
27-Aug-19,783808,619111,164697,1041092,957723,83369,2797664,1501972,1295692,6133650,2973377,3160273
28-Aug-19,812835,618996,193839,1063019,967200,95819,2712809,1569537,1143272,5917653,3046463,2871190
29-Aug-19,864509,632905,231604,1106315,921106,185209,2700632,1564166,1136466,5839416,3042405,2797011
30-Aug-19,816058,617663,198395,1057057,874667,182390,2772898,1555743,1217155,5923766,2998815,2924951
31-Aug-19,766099,654669,111430,976722,915339,61383,2712490,1484192,1228298,5664626,2806248,2858378
1-Sep-19,797633,649517,148116,1008329,912945,95384,2583790,1587872,995918,4382152,2498698,1883454
2-Sep-19,823738,708465,115273,1101353,951649,149704,2914796,1608400,1306396,4902979,2485349,2417630
3-Sep-19,807914,647268,160646,1167030,943062,223968,2778182,1713739,1064443,5946815,3262470,2684345
4-Sep-19,895245,727329,167916,1181612,993269,188343,2601282,1603984,997298,5586317,3143267,2443050
5-Sep-19,789276,693992,95284,1020230,946842,73388,3053188,1756487,1296701,6510159,3389611,3120548
6-Sep-19,799204,686122,113082,1015698,927448,88250,2771279,1720852,1050427,5986255,3230119,2756136
7-Sep-19,818476,646246,172230,1044824,908855,135969,2738500,1718580,1019920,5776874,3152164,2624710
8-Sep-19,862469,693370,169099,1072005,1008435,63570,2815556,1634611,1180945,4724378,2526624,2197754
9-Sep-19,776825,688744,88081,992105,968741,23364,3173015,1811089,1361926,5410641,2847553,2563088
10-Sep-19,668431,644360,24071,889409,892813,-3404,2695179,1702815,992364,5892227,3250465,2641762
11-Sep-19,708676,604453,104223,936524,838866,97658,2369147,1572955,796192,5280924,3013017,2267907
12-Sep-19,714045,590224,123821,936718,809182,127536,2486568,1442585,1043983,5482840,2800071,2682769
13-Sep-19,680708,635003,45705,894930,836729,58201,2483228,1455569,1027659,5380212,2802954,2577258
14-Sep-19,698987,653197,45790,888164,925783,-37619,2458262,1517619,940643,5347021,2842739,2504282
15-Sep-19,742203,580130,162073,982138,818247,163891,2637565,1582429,1055136,4547171,2452158,2095013
16-Sep-19,718407,555098,163309,988630,791619,197011,2745034,1510552,1234482,4686876,2404309,2282567
17-Sep-19,710235,645849,64386,956926,906156,50770,2422843,1381841,1041002,5365320,2769142,2596178
18-Sep-19,700739,625509,75230,915566,936464,-20898,2533822,1533915,999907,5581763,2939316,2642447
19-Sep-19,729805,665897,63908,969351,986580,-17229,2457107,1494799,962308,5379967,2787690,2592277
20-Sep-19,726042,621604,104438,967759,873132,94627,2593583,1624072,969511,5604408,3006994,2597414
21-Sep-19,812217,687864,124353,1095189,924283,170906,2483299,1528174,955125,5234143,2799111,2435032
22-Sep-19,883375,830007,53368,1200577,1133449,67128,2964344,1801225,1163119,4898815,2739131,2159684
23-Sep-19,818741,763433,55308,1132549,1057729,74820,3312147,2228811,1083336,5507438,3319914,2187524
24-Sep-19,820455,722993,97462,1079486,1062670,16816,2843948,1856382,987566,6081885,3388264,2693621
25-Sep-19,873954,687024,186930,1136318,934680,201638,2897511,1743928,1153583,6256281,3269376,2986905
26-Sep-19,840621,638205,202416,1127802,844046,283756,3009833,1626897,1382936,6350583,3067183,3283400
27-Sep-19,790034,638933,151101,1061024,894062,166962,2938865,1553946,1384919,6190383,2951400,3238983
28-Sep-19,837635,752049,85586,1151119,1157922,-6803,2779093,1591272,1187821,5749006,2921639,2827367
29-Sep-19,845441,783422,62019,1139412,1067208,72204,2965331,1889675,1075656,4961612,2845777,2115835
30-Sep-19,930758,742234,188524,1269982,1065875,204107,3122409,1968133,1154276,5233730,2946410,2287320
1-Oct-19,856563,752608,103955,1179937,1041078,138859,3406017,1858346,1547671,7130012,3419833,3710179
2-Oct-19,831546,798879,32667,1124836,1077793,47043,3086494,1911427,1175067,6367916,3420462,2947454
3-Oct-19,864156,787359,76797,1211939,1091902,120037,2908907,1923069,985838,6078941,3349256,2729685
4-Oct-19,765414,771847,-6433,1089583,1745217,-655634,2980592,1912399,1068193,6082832,3324468,2758364
5-Oct-19,884094,785192,98902,1198984,1531399,-332415,2730265,1843547,886718,5544608,3140399,2404209
6-Oct-19,902183,857505,44678,1210602,1411788,-201186,3240446,2020821,1219625,5379588,3015543,2364045
7-Oct-19,931688,806264,125424,1294251,1257324,36927,3341582,2122651,1218931,5487391,3112632,2374759
8-Oct-19,838193,735594,102599,1148680,1069858,78822,3141469,1978605,1162864,6385534,3489215,2896319
9-Oct-19,854473,661763,192710,1147374,939722,207652,2907299,1839169,1068130,5997702,3315346,2682356
10-Oct-19,885849,790291,95558,1200811,1105822,94989,2937554,1678523,1259031,5904886,3024717,2880169
11-Oct-19,796369,807540,-11171,1083713,1135737,-52024,3089583,1925159,1164424,6350423,3374406,2976017
12-Oct-19,939784,811634,128150,1223329,1099393,123936,2889612,1936450,953162,5940941,3361333,2579608
13-Oct-19,878852,836917,41935,1190405,1132705,57700,3657117,2107937,1549180,6136725,3206045,2930680
14-Oct-19,868926,841647,27279,1175530,1163710,11820,3430530,2160280,1270250,5821938,3260066,2561872
15-Oct-19,801332,763357,37975,1070616,1119257,-48641,3058724,2052550,1006174,6507597,3721129,2786468
16-Oct-19,887400,781997,105403,1146295,1221635,-75340,2909448,1859336,1050112,6239314,3416946,2822368
17-Oct-19,825823,709155,116668,1094814,1014288,80526,3129857,1898125,1231732,6504701,3428366,3076335
18-Oct-19,798901,611038,187863,1062577,826364,236213,2854173,1713918,1140255,5976929,3127689,2849240
19-Oct-19,819491,689463,130028,1070753,912817,157936,2720856,1510127,1210729,5726293,2826286,2900007
20-Oct-19,928663,833531,95132,1246348,1135753,110595,3029238,1815102,1214136,5136917,2829368,2307549
21-Oct-19,833010,846790,-13780,1150298,1176622,-26324,3899443,2367292,1532151,6464717,3573294,2891423
22-Oct-19,944684,924856,19828,1246847,1214265,32582,3112708,2120349,992359,6630746,3765806,2864940
23-Oct-19,881163,841720,39443,1174089,1136947,37142,3485788,2432846,1052942,7358895,4486955,2871940
24-Oct-19,809880,835901,-26021,1065454,1137399,-71945,3289882,2223589,1066293,6900946,4051144,2849802
25-Oct-19,771025,799332,-28307,1016478,1122977,-106499,2996211,2107534,888677,6423491,3789174,2634317
26-Oct-19,774569,808580,-34011,1030009,1134575,-104566,2782739,1876189,906550,5725858,3273081,2452777
27-Oct-19,903570,838207,65363,1270281,1363776,-93495,2903375,2017886,885489,4699369,2914568,1784801
28-Oct-19,825551,786977,38574,1101367,1170580,-69213,3473568,2260469,1213099,5549028,3237234,2311794
29-Oct-19,778138,606784,171354,1036747,853790,182957,3017554,2008035,1009519,5096418,3014686,2081732
30-Oct-19,781878,809249,-27371,1038283,1123741,-85458,2730987,1617840,1113147,5820947,3107973,2712974
31-Oct-19,828644,703921,124723,1105082,977388,127694,2809614,1920894,888720,5977413,3397668,2579745
1-Nov-19,787611,685371,102240,1046162,945063,101099,2860531,1665048,1195483,5835156,3006766,2828390
2-Nov-19,859731,725919,133812,1120731,1048983,71748,2825558,1658303,1167255,5732928,2960149,2772779
3-Nov-19,856045,845024,11021,1191568,1205389,-13821,3178543,1921142,1257401,5225796,2895875,2329921
4-Nov-19,831300,745986,85314,1172973,1105269,67704,3214046,2178937,1035109,5320767,3216891,2103876
5-Nov-19,773805,774334,-529,1158233,1057480,100753,3012432,1830286,1182146,6312182,3323561,2988621
6-Nov-19,763074,878857,-115783,1081028,1192060,-111032,2779993,1839146,940847,5853941,3296170,2557771
7-Nov-19,762405,747658,14747,1035064,1001379,33685,2820884,2091721,729163,6009046,3564493,2444553
8-Nov-19,741432,736259,5173,998164,982809,15355,2710492,1761189,949303,5760565,3131738,2628827
9-Nov-19,780498,719566,60932,1018635,938391,80244,2665139,1733730,931409,5575264,3028512,2546752
10-Nov-19,869930,800858,69072,1097167,1062110,35057,2827267,1766530,1060737,4791507,2657595,2133912
11-Nov-19,792043,773064,18979,1033926,1067114,-33188,3255127,1922420,1332707,5506080,2887034,2619046
12-Nov-19,820521,829978,-9457,1061746,1149398,-87652,2782848,1805840,977008,6044060,3272158,2771902
13-Nov-19,762962,769746,-6784,1039673,1030131,9542,2876349,1959656,916693,6123104,3490944,2632160
14-Nov-19,800737,708300,92437,1008469,943478,64991,2682301,1803497,878804,5764081,3225679,2538402
15-Nov-19,821739,733133,88606,1064347,959930,104417,2816386,1684435,1131951,5913917,3085551,2828366
16-Nov-19,801325,727560,73765,1012592,949662,62930,2743520,1791175,952345,5460630,3087052,2373578
,,,,,,,2894129,1800154,1093975,4849557,2694743,2154814
